ID,X,Y
PTS-1,-71.4747798525318,-41.9476968030854
PTS-2,-71.5979172992184,-41.9987683252924
PTS-3,-71.5682272215586,-41.9853099748333
PTS-4,-71.6342293571007,-42.0041154951119
PTS-5,-71.5353871779705,-41.9981934968543
PTS-6,-71.5131500308638,-42.016697465525
PTS-7,-71.4843712828144,-42.0642243518135
PTS-8,-71.5083771504639,-41.9581622059697
PTS-9,-71.6150840649219,-42.0279837273124
PTS-10,-71.5819135675922,-41.9370527531085
