ID,X,Y
PTS-1,-71.5369438605534,-41.9886297677995
PTS-2,-71.5347759549998,-42.0171213146791
PTS-3,-71.5005612781501,-41.9733055597461
PTS-4,-71.5070041372099,-41.9821304733793
PTS-5,-71.5028749914375,-41.9614518639708
PTS-6,-71.572389779721,-41.9651289101342
PTS-7,-71.5247250066265,-41.9384583688232
PTS-8,-71.5155926826214,-41.916703492309
PTS-9,-71.5279399096191,-41.929025819707
PTS-10,-71.5741119771654,-42.0518451960263
